age,job,marital,education,default,balance,housing,loan
[49.],[8.],[0.],[0.],[-1.],[87.],[-1.],[-1.]
[41.],[11.],[0.],[0.],[-1.],[1185.],[1.],[-1.]
[54.],[11.],[0.],[0.],[-1.],[444.],[-1.],[-1.]
[29.],[11.],[1.],[0.],[-1.],[-1445.],[-1.],[-1.]
[52.],[0.],[0.],[1.],[-1.],[3267.],[1.],[1.]
[44.],[11.],[0.],[0.],[-1.],[-674.],[-1.],[-1.]
[27.],[11.],[0.],[0.],[-1.],[2167.],[1.],[-1.]
[46.],[11.],[1.],[0.],[-1.],[-1825.],[-1.],[-1.]
[40.],[10.],[0.],[0.],[-1.],[2519.],[1.],[-1.]
[41.],[0.],[1.],[2.],[-1.],[-295.],[1.],[-1.]
[38.],[11.],[0.],[0.],[-1.],[1199.],[-1.],[-1.]
[30.],[11.],[0.],[0.],[-1.],[-1813.],[-1.],[-1.]
[31.],[11.],[0.],[0.],[-1.],[223.],[-1.],[-1.]
[68.],[7.],[0.],[0.],[-1.],[2215.],[-1.],[1.]
[33.],[10.],[2.],[0.],[-1.],[2669.],[1.],[-1.]
[48.],[11.],[0.],[0.],[-1.],[-996.],[-1.],[-1.]
[31.],[0.],[0.],[3.],[-1.],[7430.],[1.],[-1.]
[44.],[11.],[0.],[1.],[-1.],[5223.],[1.],[1.]
[22.],[0.],[0.],[2.],[-1.],[2316.],[1.],[-1.]
[49.],[6.],[1.],[1.],[-1.],[2454.],[1.],[1.]
[52.],[3.],[0.],[0.],[-1.],[5431.],[1.],[-1.]
[59.],[1.],[0.],[1.],[-1.],[1509.],[-1.],[-1.]
[45.],[1.],[0.],[0.],[-1.],[2988.],[-1.],[-1.]
[53.],[9.],[2.],[1.],[-1.],[-852.],[1.],[1.]
[51.],[11.],[0.],[0.],[-1.],[1425.],[-1.],[-1.]
[28.],[9.],[1.],[1.],[-1.],[2630.],[1.],[-1.]
[47.],[0.],[0.],[2.],[-1.],[5444.],[1.],[-1.]
[48.],[11.],[2.],[0.],[-1.],[-841.],[-1.],[1.]
[45.],[11.],[0.],[0.],[-1.],[880.],[-1.],[1.]
[40.],[0.],[0.],[2.],[-1.],[1744.],[1.],[-1.]
[43.],[11.],[0.],[0.],[-1.],[847.],[1.],[-1.]
[40.],[9.],[0.],[0.],[-1.],[4107.],[-1.],[-1.]
[72.],[2.],[0.],[0.],[-1.],[3947.],[-1.],[-1.]
[34.],[1.],[0.],[3.],[-1.],[4557.],[1.],[-1.]
[33.],[1.],[0.],[1.],[-1.],[1357.],[1.],[-1.]
[27.],[1.],[2.],[3.],[-1.],[3471.],[1.],[-1.]
[41.],[11.],[0.],[0.],[-1.],[2930.],[1.],[-1.]
[37.],[0.],[0.],[2.],[-1.],[4495.],[1.],[-1.]
[35.],[1.],[0.],[1.],[-1.],[-88.],[1.],[-1.]
[40.],[1.],[0.],[2.],[-1.],[4956.],[1.],[-1.]
[43.],[3.],[0.],[1.],[-1.],[4659.],[1.],[1.]
[63.],[11.],[0.],[0.],[-1.],[-1405.],[-1.],[-1.]
[27.],[11.],[0.],[0.],[-1.],[-198.],[1.],[-1.]
[42.],[11.],[1.],[0.],[-1.],[1398.],[-1.],[-1.]
[36.],[11.],[0.],[0.],[-1.],[3131.],[-1.],[-1.]
[36.],[1.],[0.],[2.],[-1.],[1363.],[1.],[-1.]
[29.],[3.],[2.],[2.],[-1.],[-924.],[1.],[-1.]
[67.],[8.],[0.],[0.],[-1.],[390.],[-1.],[1.]
[55.],[11.],[0.],[0.],[-1.],[662.],[-1.],[-1.]
[32.],[9.],[0.],[1.],[-1.],[1585.],[1.],[-1.]
[37.],[1.],[0.],[2.],[-1.],[3287.],[1.],[-1.]
[36.],[11.],[1.],[0.],[-1.],[-3094.],[-1.],[-1.]
[48.],[10.],[2.],[0.],[-1.],[7900.],[1.],[-1.]
[54.],[5.],[0.],[0.],[-1.],[3046.],[0.],[-1.]
[62.],[4.],[0.],[2.],[-1.],[3514.],[1.],[1.]
[58.],[3.],[0.],[0.],[-1.],[1156.],[-1.],[-1.]
[37.],[11.],[0.],[0.],[-1.],[2129.],[-1.],[-1.]
[82.],[1.],[0.],[1.],[-1.],[1598.],[-1.],[-1.]
[39.],[7.],[0.],[1.],[-1.],[264.],[-1.],[-1.]
[47.],[8.],[0.],[1.],[-1.],[-273.],[1.],[1.]
[30.],[10.],[0.],[1.],[-1.],[3172.],[1.],[-1.]
[31.],[11.],[2.],[0.],[-1.],[-3738.],[-1.],[-1.]
[22.],[2.],[2.],[1.],[-1.],[1578.],[1.],[-1.]
[37.],[1.],[0.],[1.],[-1.],[1520.],[1.],[-1.]
[45.],[11.],[0.],[0.],[-1.],[3100.],[-1.],[-1.]
[32.],[11.],[0.],[0.],[-1.],[2146.],[-1.],[-1.]
[34.],[11.],[0.],[0.],[-1.],[-1655.],[-1.],[-1.]
[30.],[3.],[2.],[1.],[-1.],[3228.],[1.],[-1.]
[57.],[11.],[0.],[0.],[-1.],[-479.],[-1.],[-1.]
[83.],[3.],[0.],[1.],[-1.],[1005.],[-1.],[1.]
[27.],[5.],[0.],[0.],[-1.],[1972.],[1.],[-1.]
[35.],[1.],[0.],[1.],[-1.],[789.],[1.],[-1.]
[40.],[1.],[0.],[2.],[-1.],[4587.],[1.],[-1.]
[35.],[2.],[1.],[1.],[-1.],[2942.],[1.],[-1.]
[25.],[11.],[0.],[0.],[-1.],[1765.],[-1.],[-1.]
[33.],[11.],[0.],[0.],[-1.],[1332.],[-1.],[-1.]
[66.],[9.],[0.],[0.],[-1.],[545.],[-1.],[-1.]
[36.],[11.],[0.],[0.],[-1.],[-85.],[-1.],[-1.]
[39.],[5.],[0.],[1.],[-1.],[3629.],[1.],[1.]
[35.],[11.],[2.],[1.],[-1.],[-429.],[-1.],[-1.]
[33.],[11.],[1.],[0.],[-1.],[-1088.],[-1.],[-1.]
[55.],[11.],[0.],[0.],[-1.],[848.],[-1.],[-1.]
[43.],[11.],[0.],[0.],[-1.],[-802.],[-1.],[-1.]
[26.],[2.],[0.],[0.],[-1.],[195.],[1.],[-1.]
[46.],[1.],[0.],[1.],[-1.],[2554.],[1.],[-1.]
[34.],[2.],[2.],[1.],[-1.],[-1890.],[-1.],[-1.]
[41.],[5.],[0.],[1.],[-1.],[-1108.],[-1.],[-1.]
[38.],[10.],[0.],[0.],[-1.],[1740.],[1.],[-1.]
[62.],[10.],[1.],[0.],[-1.],[-884.],[1.],[1.]
[74.],[11.],[0.],[0.],[-1.],[-2802.],[-1.],[-1.]
[59.],[7.],[0.],[1.],[-1.],[1469.],[-1.],[-1.]
[36.],[0.],[0.],[2.],[-1.],[1321.],[1.],[-1.]
[56.],[0.],[0.],[1.],[-1.],[2430.],[1.],[-1.]
[46.],[8.],[0.],[0.],[-1.],[2701.],[1.],[-1.]
[28.],[0.],[2.],[2.],[-1.],[3844.],[1.],[-1.]
[27.],[3.],[1.],[1.],[-1.],[-124.],[1.],[1.]
[35.],[6.],[0.],[1.],[-1.],[6454.],[1.],[-1.]
[53.],[5.],[0.],[1.],[-1.],[-735.],[-1.],[-1.]
[41.],[1.],[0.],[1.],[-1.],[209.],[1.],[1.]
[39.],[11.],[0.],[0.],[-1.],[4215.],[1.],[-1.]
[51.],[3.],[0.],[1.],[-1.],[2936.],[-1.],[-1.]
[38.],[0.],[0.],[1.],[-1.],[4888.],[1.],[-1.]
[43.],[11.],[2.],[0.],[-1.],[-1607.],[-1.],[-1.]
[49.],[7.],[0.],[2.],[-1.],[3230.],[1.],[-1.]
[31.],[2.],[0.],[3.],[-1.],[4416.],[1.],[1.]
[64.],[11.],[0.],[1.],[-1.],[-2713.],[1.],[1.]
[31.],[0.],[0.],[1.],[-1.],[2658.],[1.],[-1.]
[38.],[10.],[1.],[0.],[-1.],[71.],[-1.],[-1.]
[34.],[2.],[0.],[1.],[-1.],[3241.],[1.],[-1.]
[40.],[3.],[0.],[1.],[-1.],[3140.],[1.],[-1.]
[80.],[0.],[0.],[2.],[-1.],[101.],[-1.],[-1.]
[78.],[1.],[0.],[1.],[-1.],[3240.],[-1.],[1.]
[65.],[11.],[0.],[0.],[-1.],[-33.],[-1.],[-1.]
[56.],[11.],[0.],[0.],[-1.],[-2570.],[-1.],[-1.]
[38.],[8.],[2.],[2.],[-1.],[3195.],[1.],[-1.]
[38.],[11.],[1.],[1.],[-1.],[1965.],[1.],[-1.]
[48.],[11.],[0.],[0.],[-1.],[952.],[-1.],[-1.]
[54.],[11.],[2.],[3.],[-1.],[5474.],[1.],[1.]
[46.],[11.],[2.],[0.],[-1.],[2169.],[1.],[-1.]
[56.],[0.],[0.],[2.],[-1.],[-80.],[1.],[-1.]
[48.],[11.],[0.],[1.],[-1.],[-1955.],[-1.],[-1.]
[46.],[0.],[0.],[2.],[-1.],[1301.],[1.],[-1.]
[65.],[6.],[0.],[0.],[-1.],[1030.],[-1.],[1.]
[70.],[2.],[0.],[1.],[-1.],[585.],[-1.],[-1.]
[50.],[8.],[0.],[0.],[-1.],[2368.],[-1.],[-1.]
[57.],[8.],[0.],[1.],[-1.],[-695.],[-1.],[-1.]
[35.],[6.],[0.],[2.],[-1.],[1434.],[1.],[-1.]
[42.],[1.],[0.],[2.],[-1.],[96.],[1.],[1.]
[38.],[1.],[1.],[1.],[-1.],[2576.],[1.],[1.]
[31.],[0.],[0.],[2.],[-1.],[608.],[1.],[-1.]
[35.],[0.],[0.],[1.],[-1.],[2729.],[1.],[-1.]
[38.],[7.],[0.],[0.],[-1.],[636.],[-1.],[-1.]
[31.],[1.],[0.],[1.],[-1.],[3731.],[1.],[-1.]
[66.],[0.],[0.],[1.],[-1.],[3034.],[-1.],[-1.]
[35.],[10.],[0.],[2.],[-1.],[1626.],[1.],[-1.]
[56.],[2.],[0.],[1.],[-1.],[877.],[-1.],[-1.]
[29.],[10.],[0.],[0.],[-1.],[815.],[-1.],[-1.]
[28.],[9.],[0.],[1.],[-1.],[1885.],[1.],[-1.]
[25.],[1.],[0.],[1.],[-1.],[356.],[1.],[-1.]
[39.],[10.],[2.],[0.],[-1.],[-2253.],[-1.],[1.]
[52.],[0.],[0.],[2.],[-1.],[-758.],[1.],[-1.]
[51.],[2.],[2.],[2.],[-1.],[1284.],[1.],[1.]
[33.],[6.],[0.],[1.],[-1.],[1671.],[1.],[-1.]
[52.],[11.],[0.],[0.],[-1.],[2515.],[-1.],[-1.]
[45.],[10.],[1.],[0.],[-1.],[2550.],[1.],[-1.]
[86.],[10.],[0.],[0.],[-1.],[-1899.],[-1.],[-1.]
[42.],[11.],[2.],[2.],[-1.],[84.],[1.],[1.]
[34.],[3.],[0.],[1.],[-1.],[1031.],[-1.],[-1.]
[45.],[0.],[0.],[1.],[-1.],[483.],[1.],[-1.]
[29.],[0.],[1.],[2.],[-1.],[3826.],[1.],[-1.]
[33.],[8.],[2.],[1.],[-1.],[374.],[-1.],[-1.]
[40.],[1.],[0.],[1.],[-1.],[2924.],[1.],[1.]
[59.],[2.],[0.],[1.],[-1.],[-75.],[-1.],[-1.]
[41.],[10.],[0.],[0.],[-1.],[-645.],[-1.],[-1.]
[33.],[10.],[1.],[1.],[-1.],[2646.],[-1.],[-1.]
[33.],[1.],[0.],[1.],[-1.],[4768.],[1.],[-1.]
[32.],[0.],[0.],[2.],[-1.],[-146.],[1.],[-1.]
[57.],[2.],[0.],[1.],[-1.],[3855.],[-1.],[-1.]
[31.],[9.],[1.],[1.],[-1.],[-1743.],[-1.],[-1.]
[41.],[2.],[0.],[2.],[-1.],[4349.],[1.],[1.]
[23.],[0.],[0.],[3.],[-1.],[2261.],[1.],[-1.]
[26.],[11.],[0.],[0.],[-1.],[1636.],[1.],[-1.]
[39.],[0.],[0.],[2.],[-1.],[2240.],[1.],[-1.]
[26.],[10.],[2.],[0.],[-1.],[-643.],[1.],[-1.]
[48.],[10.],[0.],[0.],[-1.],[1227.],[-1.],[1.]
[41.],[11.],[0.],[0.],[-1.],[849.],[-1.],[-1.]
[50.],[8.],[0.],[0.],[-1.],[2227.],[1.],[-1.]
[68.],[2.],[0.],[1.],[-1.],[3326.],[-1.],[1.]
[27.],[0.],[0.],[2.],[-1.],[-1184.],[1.],[-1.]
[26.],[1.],[1.],[1.],[-1.],[722.],[1.],[-1.]
[45.],[1.],[0.],[1.],[-1.],[391.],[0.],[-1.]
[30.],[9.],[0.],[1.],[-1.],[1734.],[1.],[-1.]
[49.],[1.],[0.],[1.],[-1.],[958.],[1.],[1.]
[44.],[6.],[0.],[2.],[-1.],[2156.],[1.],[-1.]
[56.],[11.],[0.],[0.],[-1.],[-374.],[-1.],[1.]
[38.],[11.],[0.],[0.],[-1.],[-3217.],[-1.],[-1.]
[35.],[11.],[1.],[0.],[-1.],[2503.],[1.],[-1.]
[65.],[10.],[0.],[0.],[-1.],[-903.],[-1.],[-1.]
[37.],[0.],[1.],[2.],[-1.],[3504.],[1.],[-1.]
[51.],[6.],[0.],[0.],[-1.],[1022.],[-1.],[-1.]
[47.],[11.],[0.],[0.],[-1.],[1482.],[1.],[-1.]
[52.],[8.],[0.],[0.],[-1.],[777.],[-1.],[1.]
[30.],[11.],[2.],[0.],[-1.],[5079.],[-1.],[-1.]
[32.],[11.],[0.],[0.],[-1.],[-1895.],[-1.],[-1.]
[42.],[11.],[0.],[0.],[-1.],[-1671.],[-1.],[-1.]
[52.],[3.],[0.],[0.],[-1.],[-160.],[-1.],[-1.]
[40.],[10.],[2.],[1.],[-1.],[2789.],[1.],[-1.]
[75.],[0.],[0.],[1.],[-1.],[-1135.],[1.],[-1.]
[30.],[2.],[0.],[2.],[-1.],[2669.],[1.],[-1.]
[41.],[0.],[0.],[3.],[-1.],[862.],[1.],[-1.]
[50.],[9.],[2.],[0.],[-1.],[3800.],[-1.],[1.]
[33.],[11.],[0.],[0.],[-1.],[-1399.],[-1.],[-1.]
[45.],[10.],[2.],[0.],[-1.],[-783.],[-1.],[1.]
[32.],[11.],[0.],[0.],[-1.],[826.],[-1.],[-1.]
[27.],[11.],[1.],[3.],[-1.],[2473.],[1.],[-1.]
[31.],[0.],[0.],[2.],[-1.],[2142.],[1.],[-1.]
[68.],[10.],[2.],[1.],[-1.],[694.],[1.],[1.]
[36.],[0.],[0.],[1.],[-1.],[2782.],[1.],[-1.]
[36.],[11.],[1.],[0.],[-1.],[-929.],[-1.],[-1.]
[53.],[0.],[0.],[2.],[-1.],[2245.],[1.],[-1.]
[30.],[10.],[2.],[2.],[-1.],[-594.],[-1.],[-1.]
[24.],[0.],[2.],[3.],[-1.],[-810.],[1.],[-1.]
[53.],[11.],[0.],[0.],[-1.],[-2592.],[-1.],[-1.]
[26.],[0.],[0.],[2.],[-1.],[3516.],[1.],[-1.]
[49.],[10.],[0.],[0.],[-1.],[3311.],[-1.],[-1.]
[34.],[10.],[1.],[1.],[-1.],[304.],[-1.],[1.]
[27.],[9.],[1.],[3.],[-1.],[438.],[1.],[-1.]
[69.],[10.],[0.],[1.],[-1.],[1824.],[1.],[1.]
[25.],[0.],[0.],[2.],[-1.],[-1368.],[1.],[-1.]
[31.],[0.],[1.],[2.],[-1.],[4585.],[1.],[-1.]
[34.],[11.],[0.],[0.],[-1.],[1060.],[1.],[-1.]
[63.],[2.],[0.],[1.],[-1.],[1063.],[1.],[-1.]
[61.],[10.],[0.],[1.],[-1.],[1146.],[0.],[-1.]
[59.],[10.],[0.],[1.],[-1.],[-1916.],[1.],[1.]
[40.],[3.],[0.],[2.],[-1.],[4124.],[1.],[-1.]
[57.],[11.],[0.],[0.],[-1.],[2872.],[-1.],[-1.]
[68.],[4.],[0.],[0.],[-1.],[1924.],[-1.],[1.]
[30.],[11.],[0.],[0.],[-1.],[-225.],[-1.],[-1.]
[33.],[11.],[0.],[0.],[-1.],[-868.],[-1.],[-1.]
[44.],[5.],[0.],[1.],[-1.],[4687.],[1.],[-1.]
[37.],[10.],[0.],[0.],[-1.],[2827.],[1.],[-1.]
[30.],[1.],[2.],[2.],[-1.],[4063.],[1.],[-1.]
[34.],[8.],[0.],[1.],[-1.],[1819.],[-1.],[-1.]
[30.],[9.],[0.],[0.],[-1.],[1632.],[1.],[-1.]
[51.],[11.],[0.],[0.],[-1.],[865.],[1.],[-1.]
[55.],[8.],[1.],[0.],[-1.],[-717.],[-1.],[1.]
[42.],[10.],[0.],[0.],[-1.],[-269.],[-1.],[1.]
[36.],[3.],[2.],[1.],[-1.],[194.],[-1.],[-1.]
[50.],[4.],[0.],[0.],[-1.],[3400.],[1.],[-1.]
[57.],[11.],[0.],[2.],[-1.],[-641.],[1.],[1.]
[53.],[8.],[0.],[0.],[-1.],[-942.],[-1.],[1.]
[60.],[4.],[0.],[0.],[-1.],[-1863.],[-1.],[1.]
[40.],[0.],[0.],[2.],[-1.],[5060.],[1.],[-1.]
[31.],[11.],[2.],[0.],[-1.],[1465.],[1.],[-1.]
[59.],[8.],[0.],[0.],[-1.],[3191.],[-1.],[-1.]
[54.],[11.],[0.],[0.],[-1.],[974.],[-1.],[-1.]
[58.],[7.],[2.],[0.],[-1.],[5888.],[1.],[-1.]
[46.],[11.],[0.],[0.],[-1.],[3961.],[-1.],[-1.]
[56.],[3.],[0.],[1.],[-1.],[4854.],[-1.],[1.]
[41.],[4.],[1.],[1.],[-1.],[2782.],[1.],[-1.]
[45.],[10.],[1.],[0.],[-1.],[348.],[-1.],[-1.]
[33.],[2.],[0.],[2.],[-1.],[1797.],[1.],[-1.]
[35.],[11.],[1.],[0.],[-1.],[1090.],[-1.],[-1.]
[36.],[2.],[0.],[2.],[-1.],[1284.],[1.],[-1.]
[27.],[1.],[0.],[1.],[-1.],[2314.],[1.],[-1.]
[52.],[10.],[1.],[0.],[-1.],[481.],[1.],[1.]
[65.],[0.],[0.],[2.],[-1.],[5498.],[1.],[-1.]
[31.],[10.],[0.],[0.],[-1.],[-1618.],[-1.],[-1.]
[43.],[11.],[0.],[0.],[-1.],[-1518.],[-1.],[1.]
[49.],[10.],[0.],[0.],[-1.],[882.],[1.],[-1.]
[42.],[4.],[0.],[1.],[-1.],[1884.],[1.],[-1.]
[54.],[10.],[1.],[1.],[-1.],[-948.],[-1.],[1.]
[25.],[0.],[0.],[3.],[-1.],[1197.],[1.],[-1.]
[50.],[1.],[2.],[1.],[-1.],[266.],[1.],[1.]
[38.],[11.],[0.],[0.],[-1.],[216.],[-1.],[-1.]
[39.],[11.],[0.],[0.],[-1.],[-462.],[-1.],[-1.]
[30.],[11.],[1.],[0.],[-1.],[-2237.],[-1.],[-1.]
[45.],[11.],[1.],[0.],[-1.],[898.],[-1.],[-1.]
[34.],[8.],[2.],[1.],[-1.],[-272.],[-1.],[-1.]
[47.],[11.],[0.],[1.],[-1.],[147.],[-1.],[-1.]
[43.],[11.],[2.],[0.],[-1.],[-1891.],[-1.],[-1.]
[29.],[11.],[0.],[2.],[-1.],[-994.],[-1.],[-1.]
[66.],[9.],[0.],[0.],[-1.],[-441.],[-1.],[-1.]
[35.],[1.],[0.],[3.],[-1.],[11201.],[1.],[-1.]
[31.],[11.],[1.],[0.],[-1.],[2522.],[-1.],[-1.]
[67.],[4.],[0.],[0.],[-1.],[291.],[-1.],[-1.]
[28.],[11.],[0.],[0.],[-1.],[69.],[1.],[-1.]
[68.],[1.],[0.],[1.],[-1.],[1370.],[-1.],[1.]
[32.],[8.],[2.],[1.],[-1.],[1308.],[-1.],[-1.]
[31.],[1.],[2.],[2.],[-1.],[2200.],[1.],[-1.]
[83.],[1.],[0.],[1.],[-1.],[-1577.],[-1.],[-1.]
[46.],[2.],[0.],[1.],[-1.],[939.],[-1.],[-1.]
[43.],[8.],[0.],[1.],[-1.],[5554.],[-1.],[-1.]
[36.],[5.],[0.],[1.],[-1.],[2801.],[1.],[-1.]
[66.],[6.],[0.],[1.],[-1.],[4723.],[-1.],[-1.]
[49.],[5.],[0.],[1.],[-1.],[3211.],[-1.],[-1.]
[36.],[10.],[2.],[0.],[-1.],[1502.],[1.],[-1.]
[30.],[8.],[0.],[0.],[-1.],[-427.],[-1.],[-1.]
[50.],[2.],[0.],[1.],[-1.],[3638.],[-1.],[-1.]
[82.],[1.],[0.],[1.],[-1.],[646.],[-1.],[-1.]
[34.],[11.],[0.],[0.],[-1.],[1086.],[1.],[1.]
[68.],[0.],[0.],[1.],[-1.],[4655.],[-1.],[1.]
[38.],[11.],[0.],[0.],[-1.],[1504.],[1.],[-1.]
[42.],[0.],[0.],[2.],[-1.],[1600.],[1.],[-1.]
[42.],[4.],[0.],[1.],[-1.],[2198.],[1.],[-1.]
[36.],[0.],[0.],[3.],[-1.],[1783.],[1.],[-1.]
[53.],[2.],[0.],[1.],[-1.],[2325.],[1.],[-1.]
[70.],[11.],[0.],[0.],[-1.],[-1601.],[-1.],[1.]
[45.],[1.],[0.],[1.],[-1.],[1341.],[-1.],[1.]
[48.],[8.],[0.],[1.],[-1.],[-823.],[-1.],[-1.]
[47.],[1.],[0.],[1.],[-1.],[279.],[1.],[-1.]
[37.],[0.],[0.],[3.],[-1.],[2378.],[1.],[1.]
[39.],[10.],[0.],[2.],[-1.],[373.],[-1.],[-1.]
[42.],[11.],[1.],[0.],[-1.],[-300.],[1.],[-1.]
[53.],[5.],[0.],[1.],[-1.],[1680.],[1.],[1.]
[47.],[11.],[0.],[0.],[-1.],[-220.],[-1.],[-1.]
[40.],[11.],[0.],[0.],[-1.],[1283.],[1.],[-1.]
[32.],[11.],[0.],[0.],[-1.],[2849.],[-1.],[-1.]
[51.],[7.],[0.],[0.],[-1.],[3332.],[-1.],[-1.]
[40.],[5.],[0.],[2.],[-1.],[4322.],[1.],[-1.]
[38.],[1.],[1.],[2.],[-1.],[1284.],[1.],[-1.]
[49.],[9.],[0.],[0.],[-1.],[1483.],[-1.],[-1.]
[50.],[4.],[2.],[0.],[-1.],[5390.],[-1.],[1.]
[30.],[0.],[0.],[3.],[-1.],[2242.],[1.],[-1.]
[44.],[0.],[0.],[3.],[-1.],[5075.],[1.],[1.]
[58.],[11.],[0.],[0.],[-1.],[2180.],[-1.],[-1.]
[28.],[0.],[0.],[2.],[-1.],[5679.],[1.],[-1.]
[47.],[11.],[0.],[0.],[-1.],[2335.],[-1.],[-1.]
[74.],[11.],[0.],[1.],[-1.],[116.],[1.],[1.]
[44.],[11.],[0.],[0.],[-1.],[-425.],[-1.],[-1.]
[41.],[9.],[0.],[0.],[-1.],[2966.],[-1.],[1.]
[37.],[9.],[2.],[1.],[-1.],[-1474.],[1.],[-1.]
[50.],[1.],[0.],[1.],[-1.],[2128.],[1.],[-1.]
[32.],[6.],[1.],[0.],[-1.],[2523.],[1.],[-1.]
[45.],[11.],[0.],[0.],[-1.],[2568.],[1.],[-1.]
[38.],[0.],[0.],[2.],[-1.],[4298.],[1.],[-1.]
[62.],[0.],[0.],[1.],[-1.],[1226.],[1.],[-1.]
[44.],[11.],[0.],[0.],[-1.],[2020.],[1.],[-1.]
[67.],[11.],[0.],[0.],[-1.],[-391.],[-1.],[-1.]
[59.],[2.],[0.],[1.],[-1.],[1628.],[-1.],[-1.]
[69.],[9.],[0.],[1.],[-1.],[4262.],[-1.],[1.]
[30.],[0.],[2.],[2.],[-1.],[294.],[1.],[-1.]
[67.],[10.],[2.],[1.],[-1.],[9293.],[1.],[1.]
[32.],[11.],[0.],[1.],[-1.],[399.],[1.],[-1.]
[33.],[11.],[0.],[1.],[-1.],[-665.],[-1.],[-1.]
[46.],[6.],[0.],[0.],[-1.],[592.],[1.],[-1.]
[36.],[6.],[2.],[2.],[-1.],[3014.],[1.],[-1.]
[36.],[11.],[0.],[0.],[-1.],[451.],[-1.],[-1.]
[46.],[0.],[0.],[1.],[-1.],[2779.],[1.],[-1.]
[32.],[10.],[0.],[0.],[-1.],[2542.],[-1.],[-1.]
[63.],[2.],[0.],[1.],[-1.],[-1670.],[-1.],[-1.]
[70.],[11.],[0.],[1.],[-1.],[-474.],[-1.],[-1.]
[35.],[10.],[1.],[0.],[-1.],[756.],[-1.],[-1.]
[38.],[6.],[0.],[0.],[-1.],[2112.],[1.],[-1.]
[54.],[9.],[0.],[1.],[-1.],[1706.],[1.],[1.]
[34.],[10.],[1.],[1.],[-1.],[4470.],[-1.],[-1.]
[49.],[1.],[0.],[2.],[-1.],[3219.],[1.],[1.]
[58.],[11.],[0.],[1.],[-1.],[-269.],[-1.],[-1.]
[35.],[0.],[0.],[2.],[-1.],[3781.],[1.],[1.]
[53.],[1.],[0.],[1.],[-1.],[871.],[1.],[-1.]
[33.],[1.],[0.],[2.],[-1.],[2009.],[1.],[-1.]
[49.],[2.],[0.],[2.],[-1.],[2989.],[1.],[1.]
[36.],[11.],[0.],[0.],[-1.],[-2567.],[-1.],[-1.]
[59.],[10.],[0.],[0.],[-1.],[-135.],[-1.],[-1.]
[65.],[11.],[0.],[1.],[-1.],[438.],[-1.],[-1.]
[49.],[11.],[0.],[0.],[-1.],[1219.],[-1.],[-1.]
[33.],[10.],[2.],[0.],[-1.],[-981.],[1.],[-1.]
[48.],[7.],[0.],[0.],[-1.],[2485.],[-1.],[-1.]
[45.],[10.],[0.],[0.],[-1.],[1135.],[-1.],[-1.]
[66.],[11.],[2.],[0.],[-1.],[-471.],[-1.],[1.]
[76.],[1.],[0.],[1.],[-1.],[-363.],[-1.],[-1.]
[43.],[0.],[0.],[2.],[-1.],[3288.],[1.],[-1.]
[27.],[3.],[0.],[1.],[-1.],[1214.],[1.],[-1.]
[66.],[4.],[0.],[1.],[-1.],[382.],[-1.],[-1.]
[34.],[1.],[0.],[1.],[-1.],[199.],[1.],[1.]
[74.],[9.],[0.],[0.],[-1.],[-162.],[-1.],[1.]
[30.],[0.],[2.],[2.],[-1.],[4366.],[1.],[-1.]
[27.],[11.],[1.],[0.],[-1.],[-1842.],[1.],[-1.]
[48.],[6.],[0.],[1.],[-1.],[628.],[1.],[-1.]
[31.],[2.],[0.],[1.],[-1.],[168.],[1.],[-1.]
[77.],[11.],[0.],[0.],[-1.],[2666.],[-1.],[-1.]
[52.],[0.],[0.],[1.],[-1.],[3559.],[1.],[-1.]
[45.],[0.],[0.],[2.],[-1.],[5702.],[1.],[-1.]
[46.],[0.],[0.],[2.],[-1.],[-254.],[0.],[-1.]
[67.],[7.],[0.],[1.],[-1.],[1088.],[-1.],[1.]
[45.],[3.],[0.],[2.],[-1.],[2130.],[1.],[1.]
[31.],[10.],[2.],[0.],[-1.],[2525.],[1.],[-1.]
[40.],[11.],[0.],[0.],[-1.],[-651.],[1.],[-1.]
[35.],[0.],[0.],[2.],[-1.],[3623.],[1.],[-1.]
[62.],[5.],[0.],[0.],[-1.],[2708.],[-1.],[-1.]
[43.],[0.],[0.],[1.],[-1.],[2037.],[1.],[-1.]
[32.],[11.],[0.],[0.],[-1.],[340.],[-1.],[-1.]
[65.],[3.],[0.],[1.],[-1.],[1811.],[-1.],[1.]
[33.],[0.],[0.],[1.],[-1.],[3173.],[1.],[-1.]
[36.],[5.],[2.],[1.],[-1.],[2372.],[-1.],[-1.]
[36.],[9.],[2.],[1.],[-1.],[-861.],[-1.],[-1.]
[27.],[0.],[0.],[3.],[-1.],[-1368.],[1.],[1.]
[48.],[2.],[0.],[1.],[-1.],[5663.],[-1.],[-1.]
[39.],[11.],[0.],[2.],[-1.],[2486.],[1.],[-1.]
[43.],[11.],[1.],[2.],[-1.],[-1983.],[-1.],[-1.]
[22.],[2.],[0.],[1.],[-1.],[98.],[1.],[-1.]
[32.],[1.],[0.],[1.],[-1.],[1834.],[1.],[-1.]
[25.],[0.],[2.],[2.],[-1.],[18.],[1.],[-1.]
[43.],[8.],[1.],[0.],[-1.],[-445.],[-1.],[-1.]
[55.],[4.],[1.],[0.],[-1.],[33.],[-1.],[-1.]
[51.],[11.],[0.],[0.],[-1.],[3243.],[1.],[-1.]
[26.],[10.],[0.],[0.],[-1.],[1330.],[-1.],[-1.]
[34.],[4.],[1.],[0.],[-1.],[1511.],[1.],[-1.]
[61.],[5.],[0.],[1.],[-1.],[652.],[-1.],[-1.]
[40.],[11.],[1.],[0.],[-1.],[2075.],[-1.],[-1.]
[31.],[0.],[0.],[2.],[-1.],[1143.],[1.],[1.]
[32.],[1.],[0.],[3.],[-1.],[-1552.],[1.],[-1.]
[59.],[11.],[0.],[0.],[-1.],[-495.],[-1.],[-1.]
[54.],[4.],[2.],[1.],[-1.],[2048.],[1.],[-1.]
[76.],[11.],[0.],[2.],[-1.],[200.],[-1.],[-1.]
[43.],[6.],[0.],[0.],[-1.],[2464.],[-1.],[-1.]
[51.],[10.],[0.],[1.],[-1.],[1458.],[-1.],[-1.]
[42.],[11.],[1.],[0.],[-1.],[849.],[1.],[-1.]
[53.],[1.],[0.],[2.],[-1.],[-1227.],[1.],[1.]
[56.],[10.],[0.],[0.],[-1.],[4796.],[-1.],[-1.]
[30.],[0.],[0.],[2.],[-1.],[4307.],[1.],[-1.]
[29.],[10.],[2.],[0.],[-1.],[-1984.],[-1.],[-1.]
[61.],[2.],[0.],[1.],[-1.],[-100.],[-1.],[-1.]
[71.],[10.],[0.],[1.],[-1.],[3984.],[-1.],[1.]
[40.],[11.],[1.],[0.],[-1.],[3249.],[1.],[-1.]
[52.],[10.],[0.],[0.],[-1.],[7434.],[1.],[0.]
[43.],[11.],[0.],[0.],[-1.],[2397.],[1.],[1.]
[26.],[3.],[0.],[1.],[-1.],[102.],[1.],[-1.]
[46.],[1.],[0.],[2.],[-1.],[2478.],[1.],[1.]
[37.],[11.],[0.],[0.],[-1.],[8.],[-1.],[-1.]
[72.],[4.],[0.],[1.],[-1.],[-354.],[-1.],[-1.]
[55.],[3.],[0.],[0.],[-1.],[1729.],[-1.],[-1.]
[63.],[7.],[2.],[1.],[-1.],[9183.],[0.],[1.]
[27.],[11.],[1.],[0.],[-1.],[-1620.],[-1.],[-1.]
[41.],[6.],[0.],[1.],[-1.],[1095.],[1.],[-1.]
[47.],[11.],[0.],[1.],[-1.],[758.],[1.],[-1.]
[36.],[0.],[0.],[1.],[-1.],[-371.],[1.],[-1.]
[28.],[4.],[0.],[0.],[-1.],[3277.],[-1.],[-1.]
[58.],[11.],[0.],[0.],[-1.],[-1544.],[1.],[-1.]
[49.],[9.],[0.],[1.],[-1.],[-374.],[1.],[-1.]
[26.],[3.],[0.],[1.],[-1.],[298.],[-1.],[-1.]
[37.],[11.],[0.],[0.],[-1.],[-1857.],[-1.],[-1.]
[34.],[8.],[0.],[3.],[-1.],[3153.],[1.],[1.]
[40.],[10.],[0.],[0.],[-1.],[5285.],[1.],[-1.]
[41.],[2.],[0.],[1.],[-1.],[838.],[1.],[-1.]
[33.],[11.],[1.],[0.],[-1.],[461.],[1.],[-1.]
[51.],[1.],[0.],[1.],[-1.],[6021.],[1.],[-1.]
[44.],[11.],[0.],[0.],[-1.],[3574.],[-1.],[-1.]
[28.],[11.],[0.],[1.],[-1.],[3256.],[0.],[-1.]
[36.],[11.],[2.],[0.],[-1.],[-2751.],[-1.],[1.]
[30.],[10.],[2.],[0.],[-1.],[860.],[-1.],[-1.]
[38.],[11.],[0.],[0.],[-1.],[5522.],[1.],[-1.]
[40.],[2.],[2.],[1.],[-1.],[432.],[1.],[1.]
[51.],[11.],[1.],[0.],[-1.],[1144.],[-1.],[-1.]
[49.],[11.],[0.],[0.],[-1.],[-380.],[-1.],[1.]
[30.],[1.],[0.],[1.],[-1.],[6127.],[1.],[-1.]
[41.],[11.],[1.],[0.],[-1.],[1621.],[0.],[-1.]
[43.],[5.],[0.],[1.],[-1.],[345.],[1.],[-1.]
[60.],[11.],[0.],[0.],[-1.],[-303.],[-1.],[-1.]
[28.],[11.],[1.],[0.],[-1.],[-605.],[-1.],[-1.]
[34.],[6.],[0.],[1.],[-1.],[1830.],[-1.],[-1.]
[81.],[1.],[0.],[1.],[-1.],[-2152.],[-1.],[-1.]
[28.],[11.],[0.],[0.],[-1.],[3346.],[1.],[-1.]
[69.],[0.],[0.],[2.],[-1.],[1000.],[-1.],[-1.]
[38.],[2.],[1.],[1.],[-1.],[1376.],[1.],[-1.]
[42.],[8.],[0.],[0.],[-1.],[42.],[-1.],[-1.]
[53.],[7.],[0.],[0.],[-1.],[1520.],[-1.],[-1.]
[26.],[11.],[1.],[0.],[-1.],[3420.],[1.],[-1.]
[48.],[11.],[0.],[0.],[-1.],[-2247.],[-1.],[-1.]
[29.],[11.],[0.],[0.],[-1.],[-1475.],[-1.],[-1.]
[41.],[4.],[2.],[1.],[-1.],[-462.],[1.],[1.]
[48.],[10.],[0.],[1.],[-1.],[-1418.],[-1.],[-1.]
[41.],[11.],[0.],[0.],[-1.],[214.],[1.],[-1.]
[40.],[11.],[2.],[0.],[-1.],[-1282.],[-1.],[-1.]
[68.],[0.],[0.],[0.],[-1.],[-1272.],[-1.],[-1.]
[57.],[7.],[0.],[2.],[-1.],[3653.],[1.],[-1.]
[32.],[0.],[2.],[2.],[-1.],[1801.],[1.],[-1.]
[57.],[0.],[0.],[1.],[-1.],[3829.],[1.],[-1.]
[36.],[0.],[0.],[3.],[-1.],[4341.],[1.],[-1.]
[60.],[1.],[0.],[1.],[-1.],[2287.],[-1.],[-1.]
[56.],[4.],[0.],[1.],[-1.],[3536.],[-1.],[-1.]
[69.],[10.],[0.],[0.],[-1.],[-2491.],[-1.],[1.]
[40.],[8.],[0.],[1.],[-1.],[1277.],[1.],[-1.]
[26.],[0.],[1.],[3.],[-1.],[251.],[1.],[1.]
[60.],[5.],[0.],[0.],[-1.],[3156.],[-1.],[1.]
[30.],[2.],[0.],[1.],[-1.],[1737.],[-1.],[-1.]
[27.],[11.],[2.],[0.],[-1.],[-3963.],[-1.],[-1.]
[70.],[3.],[0.],[2.],[-1.],[-2369.],[-1.],[-1.]
[33.],[8.],[1.],[1.],[-1.],[1351.],[1.],[-1.]
[39.],[2.],[0.],[0.],[-1.],[1809.],[-1.],[-1.]
[43.],[0.],[0.],[3.],[-1.],[7220.],[1.],[1.]
[24.],[11.],[2.],[2.],[-1.],[-2788.],[-1.],[-1.]
[67.],[11.],[0.],[0.],[-1.],[-885.],[-1.],[-1.]
[35.],[11.],[0.],[0.],[-1.],[-1369.],[-1.],[-1.]
[23.],[1.],[1.],[1.],[-1.],[216.],[1.],[-1.]
[33.],[10.],[2.],[1.],[-1.],[-3702.],[1.],[-1.]
[62.],[2.],[0.],[1.],[-1.],[643.],[-1.],[-1.]
[32.],[11.],[0.],[1.],[-1.],[1971.],[1.],[-1.]
[36.],[4.],[1.],[1.],[-1.],[3816.],[-1.],[-1.]
[53.],[0.],[0.],[2.],[-1.],[1877.],[-1.],[-1.]
[41.],[3.],[0.],[1.],[-1.],[2113.],[-1.],[-1.]
[30.],[4.],[1.],[1.],[-1.],[-54.],[1.],[1.]
[55.],[0.],[0.],[1.],[-1.],[1322.],[1.],[-1.]
[54.],[10.],[0.],[1.],[-1.],[3014.],[-1.],[1.]
[28.],[11.],[2.],[1.],[-1.],[4560.],[1.],[-1.]
[40.],[11.],[0.],[0.],[-1.],[793.],[1.],[-1.]
[31.],[1.],[0.],[2.],[-1.],[5565.],[1.],[-1.]
[29.],[10.],[2.],[0.],[-1.],[313.],[-1.],[-1.]
[32.],[6.],[0.],[0.],[-1.],[1944.],[-1.],[-1.]
[35.],[1.],[0.],[1.],[-1.],[4545.],[1.],[1.]
[58.],[11.],[0.],[0.],[-1.],[2469.],[-1.],[-1.]
[75.],[9.],[0.],[0.],[-1.],[-1137.],[-1.],[-1.]
[57.],[7.],[0.],[0.],[-1.],[-2921.],[-1.],[-1.]
[22.],[0.],[1.],[2.],[-1.],[677.],[1.],[-1.]
[28.],[11.],[1.],[0.],[-1.],[-2568.],[-1.],[-1.]
[32.],[9.],[1.],[0.],[-1.],[1658.],[-1.],[-1.]
[41.],[8.],[0.],[0.],[-1.],[4579.],[-1.],[-1.]
[37.],[4.],[0.],[1.],[-1.],[443.],[-1.],[-1.]
[52.],[10.],[0.],[1.],[-1.],[131.],[-1.],[1.]
[61.],[9.],[0.],[2.],[-1.],[182.],[-1.],[-1.]
[34.],[11.],[2.],[2.],[-1.],[1926.],[1.],[-1.]
[37.],[2.],[0.],[1.],[-1.],[2130.],[1.],[-1.]
[40.],[11.],[2.],[1.],[-1.],[613.],[1.],[-1.]
[36.],[11.],[1.],[0.],[-1.],[-2268.],[-1.],[-1.]
[53.],[11.],[0.],[0.],[-1.],[-1161.],[-1.],[-1.]
[46.],[11.],[0.],[0.],[-1.],[-1146.],[-1.],[-1.]
[30.],[11.],[2.],[0.],[-1.],[3522.],[1.],[-1.]
[62.],[11.],[0.],[0.],[-1.],[510.],[-1.],[-1.]
[39.],[11.],[0.],[0.],[-1.],[-859.],[-1.],[-1.]
[25.],[9.],[0.],[0.],[-1.],[3356.],[1.],[-1.]
[38.],[8.],[1.],[1.],[-1.],[-960.],[1.],[1.]
[33.],[2.],[2.],[1.],[-1.],[-1321.],[1.],[1.]
[38.],[0.],[0.],[3.],[-1.],[2232.],[1.],[-1.]
[33.],[10.],[0.],[0.],[-1.],[768.],[0.],[-1.]
[62.],[1.],[0.],[1.],[-1.],[2228.],[1.],[-1.]
[72.],[11.],[2.],[0.],[-1.],[640.],[-1.],[1.]
[46.],[1.],[0.],[2.],[-1.],[4133.],[1.],[1.]
[52.],[10.],[0.],[1.],[-1.],[1159.],[1.],[1.]
[36.],[11.],[1.],[0.],[-1.],[-195.],[-1.],[-1.]
[53.],[7.],[1.],[1.],[-1.],[7306.],[1.],[1.]
[61.],[5.],[0.],[1.],[-1.],[996.],[1.],[-1.]
[61.],[11.],[0.],[0.],[-1.],[1742.],[1.],[-1.]
[55.],[7.],[0.],[0.],[-1.],[1519.],[-1.],[1.]
[24.],[0.],[0.],[3.],[-1.],[1874.],[1.],[-1.]
[44.],[11.],[0.],[0.],[-1.],[185.],[-1.],[-1.]
[29.],[11.],[1.],[0.],[-1.],[-660.],[-1.],[-1.]
[48.],[10.],[2.],[2.],[-1.],[-671.],[1.],[1.]
[43.],[1.],[2.],[2.],[-1.],[2319.],[1.],[-1.]
[36.],[11.],[1.],[1.],[-1.],[3134.],[0.],[-1.]
[56.],[10.],[0.],[0.],[-1.],[-489.],[-1.],[-1.]
[81.],[1.],[0.],[0.],[-1.],[-640.],[-1.],[1.]
[49.],[0.],[0.],[1.],[-1.],[943.],[1.],[-1.]
[32.],[4.],[0.],[3.],[-1.],[5942.],[1.],[1.]
[33.],[7.],[0.],[1.],[-1.],[4984.],[1.],[-1.]
[46.],[11.],[1.],[0.],[-1.],[-1867.],[-1.],[-1.]
[46.],[11.],[0.],[0.],[-1.],[-331.],[-1.],[-1.]
[38.],[3.],[0.],[2.],[-1.],[292.],[1.],[-1.]
[46.],[2.],[0.],[1.],[-1.],[1103.],[-1.],[-1.]
[32.],[11.],[0.],[0.],[-1.],[-2218.],[-1.],[-1.]
[29.],[1.],[2.],[1.],[-1.],[3655.],[1.],[-1.]
[29.],[4.],[0.],[0.],[-1.],[6918.],[1.],[-1.]
[32.],[0.],[0.],[2.],[-1.],[1522.],[1.],[-1.]
[34.],[1.],[0.],[1.],[-1.],[4195.],[1.],[-1.]
[68.],[11.],[0.],[0.],[-1.],[639.],[-1.],[-1.]
[60.],[1.],[0.],[1.],[-1.],[2214.],[-1.],[-1.]
[32.],[8.],[0.],[0.],[-1.],[2638.],[1.],[-1.]
[29.],[0.],[0.],[3.],[-1.],[2414.],[1.],[-1.]
[51.],[0.],[0.],[2.],[-1.],[3194.],[1.],[-1.]
[27.],[0.],[1.],[2.],[-1.],[2265.],[1.],[-1.]
[34.],[1.],[1.],[1.],[-1.],[349.],[1.],[-1.]
[39.],[2.],[1.],[1.],[-1.],[1982.],[1.],[1.]
[40.],[11.],[1.],[0.],[-1.],[-926.],[-1.],[-1.]
[65.],[11.],[0.],[0.],[-1.],[-1758.],[-1.],[1.]
[34.],[11.],[0.],[1.],[-1.],[445.],[1.],[-1.]
[58.],[11.],[0.],[0.],[-1.],[-3757.],[-1.],[-1.]
[48.],[4.],[1.],[0.],[-1.],[5115.],[-1.],[1.]
[46.],[11.],[0.],[0.],[-1.],[-1535.],[-1.],[-1.]
[39.],[11.],[1.],[0.],[-1.],[1159.],[-1.],[1.]
[28.],[0.],[0.],[2.],[-1.],[2877.],[1.],[1.]
[39.],[11.],[0.],[1.],[-1.],[1930.],[-1.],[-1.]
[42.],[11.],[1.],[0.],[-1.],[3287.],[1.],[-1.]
[28.],[0.],[0.],[3.],[-1.],[-219.],[1.],[-1.]
[58.],[6.],[0.],[0.],[-1.],[210.],[1.],[-1.]
[26.],[0.],[0.],[2.],[-1.],[3791.],[1.],[-1.]
[50.],[11.],[0.],[2.],[-1.],[3024.],[1.],[-1.]
[29.],[0.],[0.],[2.],[-1.],[4702.],[1.],[-1.]
[57.],[10.],[0.],[0.],[-1.],[3465.],[-1.],[-1.]
[37.],[1.],[0.],[1.],[-1.],[6790.],[1.],[-1.]
[28.],[8.],[0.],[1.],[-1.],[1904.],[1.],[-1.]
[50.],[11.],[0.],[0.],[-1.],[1458.],[-1.],[-1.]
[28.],[11.],[0.],[0.],[-1.],[-106.],[-1.],[-1.]
[58.],[0.],[0.],[2.],[-1.],[-178.],[1.],[-1.]
[32.],[1.],[0.],[1.],[-1.],[2582.],[1.],[-1.]
[40.],[11.],[0.],[0.],[-1.],[-508.],[-1.],[-1.]
[32.],[3.],[0.],[0.],[-1.],[4257.],[1.],[-1.]
[38.],[0.],[0.],[2.],[-1.],[2509.],[1.],[-1.]
[42.],[11.],[0.],[0.],[-1.],[-1069.],[-1.],[-1.]
[61.],[10.],[0.],[0.],[-1.],[2086.],[-1.],[-1.]
[36.],[11.],[2.],[1.],[-1.],[3850.],[1.],[1.]
[25.],[8.],[2.],[0.],[-1.],[763.],[1.],[-1.]
[37.],[11.],[0.],[0.],[-1.],[-527.],[-1.],[-1.]
[32.],[5.],[1.],[1.],[-1.],[336.],[-1.],[-1.]
[35.],[11.],[0.],[0.],[-1.],[-3221.],[-1.],[-1.]
[37.],[11.],[1.],[0.],[-1.],[1191.],[1.],[-1.]
[32.],[1.],[0.],[2.],[-1.],[2349.],[1.],[-1.]
[28.],[1.],[2.],[2.],[-1.],[1718.],[1.],[-1.]
[41.],[10.],[1.],[0.],[-1.],[5401.],[1.],[-1.]
[41.],[6.],[0.],[1.],[-1.],[1173.],[1.],[-1.]
[36.],[4.],[0.],[1.],[-1.],[-1535.],[-1.],[-1.]
[28.],[11.],[0.],[0.],[-1.],[-1385.],[-1.],[-1.]
[37.],[10.],[2.],[1.],[-1.],[753.],[1.],[1.]
[29.],[5.],[1.],[1.],[-1.],[793.],[1.],[-1.]
[28.],[1.],[1.],[2.],[-1.],[902.],[1.],[-1.]
[35.],[5.],[0.],[0.],[-1.],[843.],[1.],[-1.]
[54.],[0.],[0.],[2.],[-1.],[501.],[1.],[1.]
[41.],[0.],[0.],[3.],[-1.],[1041.],[1.],[-1.]
[38.],[1.],[0.],[2.],[-1.],[1006.],[1.],[1.]
[28.],[6.],[2.],[1.],[-1.],[-2566.],[1.],[-1.]
[37.],[11.],[1.],[1.],[-1.],[173.],[-1.],[-1.]
[39.],[0.],[0.],[2.],[-1.],[2281.],[1.],[1.]
[55.],[10.],[0.],[0.],[-1.],[130.],[-1.],[-1.]
[68.],[9.],[0.],[0.],[-1.],[-1652.],[-1.],[1.]
[28.],[0.],[0.],[2.],[-1.],[7160.],[1.],[-1.]
[43.],[9.],[2.],[0.],[-1.],[5937.],[1.],[-1.]
[38.],[1.],[0.],[2.],[-1.],[273.],[1.],[-1.]
[51.],[6.],[0.],[1.],[-1.],[4116.],[-1.],[-1.]
[37.],[8.],[1.],[1.],[-1.],[1978.],[1.],[-1.]
[51.],[1.],[0.],[2.],[-1.],[-2164.],[-1.],[-1.]
[32.],[0.],[0.],[2.],[-1.],[2673.],[1.],[-1.]
[48.],[0.],[0.],[2.],[-1.],[3522.],[1.],[0.]
[39.],[11.],[0.],[1.],[-1.],[-2147.],[-1.],[-1.]
[57.],[2.],[0.],[0.],[-1.],[6300.],[1.],[-1.]
[26.],[11.],[0.],[0.],[-1.],[446.],[-1.],[-1.]
[40.],[11.],[1.],[0.],[-1.],[-1513.],[-1.],[-1.]
[73.],[5.],[0.],[1.],[-1.],[1911.],[1.],[1.]
[25.],[11.],[1.],[0.],[-1.],[-1526.],[-1.],[-1.]
[50.],[8.],[0.],[2.],[-1.],[987.],[1.],[1.]
[56.],[0.],[0.],[1.],[-1.],[903.],[1.],[-1.]
[33.],[10.],[0.],[0.],[-1.],[621.],[1.],[-1.]
[38.],[9.],[1.],[1.],[-1.],[-2009.],[-1.],[-1.]
[43.],[0.],[0.],[2.],[-1.],[2053.],[1.],[-1.]
[50.],[1.],[0.],[2.],[-1.],[1103.],[1.],[1.]
[83.],[10.],[0.],[0.],[-1.],[839.],[-1.],[-1.]
[34.],[1.],[0.],[2.],[-1.],[3507.],[1.],[-1.]
[28.],[11.],[0.],[1.],[-1.],[-1401.],[-1.],[-1.]
[32.],[9.],[0.],[0.],[-1.],[2018.],[-1.],[1.]
[48.],[0.],[0.],[3.],[-1.],[513.],[1.],[-1.]
[39.],[3.],[0.],[1.],[-1.],[6008.],[1.],[-1.]
[71.],[1.],[0.],[2.],[-1.],[2232.],[1.],[1.]
[51.],[0.],[0.],[2.],[-1.],[4078.],[1.],[-1.]
[46.],[10.],[1.],[0.],[-1.],[2265.],[-1.],[-1.]
[58.],[10.],[0.],[0.],[-1.],[1744.],[1.],[-1.]
[40.],[7.],[0.],[1.],[-1.],[1138.],[-1.],[-1.]
[51.],[11.],[1.],[1.],[-1.],[-1873.],[-1.],[1.]
[39.],[11.],[0.],[0.],[-1.],[138.],[-1.],[-1.]
[40.],[0.],[2.],[1.],[-1.],[144.],[1.],[-1.]
[48.],[10.],[1.],[0.],[-1.],[169.],[-1.],[-1.]
[45.],[5.],[2.],[1.],[-1.],[4179.],[1.],[-1.]
[51.],[11.],[0.],[0.],[-1.],[834.],[-1.],[-1.]
[26.],[1.],[0.],[1.],[-1.],[-1140.],[-1.],[-1.]
[33.],[0.],[0.],[1.],[-1.],[1893.],[1.],[-1.]
[55.],[3.],[0.],[1.],[-1.],[109.],[1.],[-1.]
[55.],[1.],[0.],[1.],[-1.],[4878.],[-1.],[-1.]
[34.],[0.],[0.],[3.],[-1.],[1332.],[1.],[-1.]
[29.],[8.],[2.],[1.],[-1.],[260.],[1.],[-1.]
[71.],[3.],[0.],[0.],[-1.],[-243.],[-1.],[-1.]
[33.],[11.],[0.],[0.],[-1.],[2440.],[1.],[-1.]
[29.],[6.],[1.],[0.],[-1.],[821.],[1.],[-1.]
[28.],[1.],[1.],[2.],[-1.],[480.],[1.],[-1.]
[56.],[11.],[2.],[0.],[-1.],[3997.],[1.],[-1.]
[37.],[11.],[0.],[0.],[-1.],[-278.],[1.],[-1.]
[27.],[9.],[1.],[0.],[-1.],[2019.],[-1.],[-1.]
[63.],[5.],[0.],[0.],[-1.],[822.],[-1.],[1.]
[62.],[3.],[0.],[0.],[-1.],[1968.],[-1.],[-1.]
[44.],[7.],[0.],[1.],[-1.],[-220.],[-1.],[-1.]
[44.],[11.],[0.],[1.],[-1.],[1594.],[1.],[1.]
[49.],[3.],[2.],[1.],[-1.],[-63.],[1.],[1.]
[48.],[8.],[2.],[1.],[-1.],[4058.],[-1.],[-1.]
[64.],[9.],[0.],[0.],[-1.],[361.],[-1.],[1.]
[27.],[5.],[0.],[0.],[-1.],[3131.],[-1.],[-1.]
[25.],[9.],[0.],[1.],[-1.],[1434.],[1.],[-1.]
[39.],[3.],[0.],[1.],[-1.],[571.],[-1.],[-1.]
[42.],[3.],[0.],[2.],[-1.],[2863.],[1.],[-1.]
[67.],[11.],[0.],[0.],[-1.],[-4269.],[-1.],[-1.]
[72.],[4.],[0.],[0.],[-1.],[-1196.],[-1.],[-1.]
[60.],[1.],[0.],[0.],[-1.],[2092.],[-1.],[-1.]
[34.],[10.],[0.],[0.],[-1.],[470.],[-1.],[-1.]
[27.],[0.],[0.],[2.],[-1.],[1492.],[1.],[-1.]
[34.],[11.],[1.],[0.],[-1.],[5036.],[1.],[-1.]
[39.],[11.],[1.],[1.],[-1.],[1044.],[-1.],[1.]
[44.],[11.],[0.],[2.],[-1.],[1673.],[-1.],[-1.]
[27.],[11.],[0.],[0.],[-1.],[47.],[-1.],[-1.]
[41.],[10.],[1.],[1.],[-1.],[2934.],[1.],[1.]
[50.],[2.],[0.],[1.],[-1.],[1209.],[1.],[-1.]
[47.],[11.],[0.],[0.],[-1.],[4528.],[-1.],[-1.]
[32.],[0.],[0.],[2.],[-1.],[2031.],[1.],[-1.]
[37.],[0.],[0.],[3.],[-1.],[2407.],[1.],[-1.]
[47.],[10.],[0.],[0.],[-1.],[489.],[-1.],[-1.]
[48.],[11.],[0.],[0.],[-1.],[4161.],[1.],[-1.]
[33.],[10.],[0.],[0.],[-1.],[1882.],[-1.],[-1.]
[33.],[4.],[2.],[2.],[-1.],[35.],[1.],[-1.]
[30.],[0.],[0.],[3.],[-1.],[2943.],[1.],[-1.]
[42.],[7.],[2.],[1.],[-1.],[-387.],[1.],[-1.]
[66.],[9.],[0.],[0.],[-1.],[490.],[-1.],[-1.]
[64.],[11.],[0.],[0.],[-1.],[1162.],[-1.],[-1.]
[85.],[7.],[0.],[0.],[-1.],[-3329.],[-1.],[-1.]
[28.],[11.],[0.],[1.],[-1.],[613.],[1.],[-1.]
[32.],[6.],[2.],[0.],[-1.],[3464.],[1.],[-1.]
[32.],[7.],[0.],[0.],[-1.],[1598.],[-1.],[-1.]
[44.],[11.],[0.],[0.],[-1.],[2553.],[-1.],[-1.]
[36.],[9.],[0.],[0.],[-1.],[9.],[-1.],[-1.]
[34.],[10.],[2.],[0.],[-1.],[4810.],[1.],[-1.]
[37.],[5.],[1.],[1.],[-1.],[636.],[-1.],[-1.]
[57.],[7.],[0.],[0.],[-1.],[955.],[-1.],[0.]
[38.],[10.],[0.],[0.],[-1.],[723.],[-1.],[-1.]
[70.],[11.],[0.],[0.],[-1.],[-3000.],[-1.],[1.]
[50.],[0.],[0.],[1.],[-1.],[-1101.],[1.],[-1.]
[37.],[11.],[0.],[0.],[-1.],[-932.],[-1.],[-1.]
[64.],[1.],[0.],[1.],[-1.],[5007.],[-1.],[-1.]
[42.],[10.],[0.],[0.],[-1.],[4571.],[1.],[-1.]
[52.],[5.],[0.],[2.],[-1.],[4413.],[1.],[1.]
[31.],[6.],[1.],[0.],[-1.],[1210.],[1.],[-1.]
[66.],[1.],[0.],[1.],[-1.],[-1009.],[-1.],[-1.]
[31.],[1.],[1.],[1.],[-1.],[-108.],[1.],[-1.]
[45.],[2.],[0.],[1.],[-1.],[5676.],[-1.],[-1.]
[58.],[1.],[0.],[1.],[-1.],[3954.],[1.],[1.]
[54.],[1.],[0.],[1.],[-1.],[1786.],[1.],[-1.]
[58.],[1.],[0.],[1.],[-1.],[2507.],[1.],[-1.]
[35.],[11.],[0.],[0.],[-1.],[-1351.],[-1.],[-1.]
[49.],[11.],[0.],[0.],[-1.],[-1729.],[-1.],[-1.]
[41.],[1.],[0.],[2.],[-1.],[2125.],[1.],[-1.]
[27.],[8.],[2.],[0.],[-1.],[-45.],[-1.],[-1.]
[27.],[11.],[1.],[0.],[-1.],[414.],[1.],[-1.]
[37.],[11.],[1.],[1.],[-1.],[-234.],[-1.],[-1.]
[36.],[3.],[2.],[1.],[-1.],[190.],[1.],[1.]
[34.],[11.],[0.],[0.],[-1.],[-2675.],[-1.],[-1.]
[34.],[9.],[0.],[0.],[-1.],[4531.],[1.],[-1.]
[45.],[2.],[0.],[1.],[-1.],[554.],[-1.],[-1.]
[34.],[2.],[2.],[2.],[-1.],[3923.],[1.],[-1.]
[43.],[3.],[0.],[1.],[-1.],[2987.],[1.],[1.]
[39.],[7.],[0.],[0.],[-1.],[-836.],[1.],[-1.]
[31.],[11.],[1.],[0.],[-1.],[2882.],[1.],[-1.]
[33.],[6.],[0.],[1.],[-1.],[3376.],[-1.],[-1.]
[39.],[0.],[0.],[2.],[-1.],[3511.],[1.],[-1.]
[70.],[7.],[0.],[0.],[-1.],[-1321.],[-1.],[1.]
[46.],[11.],[0.],[0.],[-1.],[786.],[-1.],[-1.]
[30.],[0.],[0.],[3.],[-1.],[2581.],[1.],[1.]
[60.],[11.],[0.],[0.],[-1.],[-2085.],[-1.],[-1.]
[74.],[6.],[0.],[0.],[-1.],[1278.],[-1.],[-1.]
[51.],[5.],[0.],[1.],[-1.],[2621.],[1.],[-1.]
[43.],[9.],[0.],[0.],[-1.],[64.],[-1.],[-1.]
[47.],[10.],[0.],[0.],[-1.],[-156.],[-1.],[-1.]
[49.],[10.],[2.],[0.],[-1.],[-1586.],[-1.],[-1.]
[55.],[1.],[0.],[2.],[-1.],[3863.],[1.],[-1.]
[73.],[4.],[0.],[1.],[-1.],[2578.],[-1.],[-1.]
[28.],[1.],[0.],[2.],[-1.],[1644.],[1.],[-1.]
[35.],[11.],[2.],[0.],[-1.],[1711.],[1.],[-1.]
[56.],[3.],[0.],[1.],[-1.],[1078.],[-1.],[-1.]
[29.],[10.],[1.],[0.],[-1.],[3194.],[1.],[-1.]
[24.],[0.],[2.],[1.],[-1.],[2184.],[1.],[-1.]
[40.],[1.],[1.],[1.],[-1.],[-207.],[1.],[-1.]
[36.],[2.],[1.],[2.],[-1.],[356.],[1.],[0.]
[45.],[1.],[2.],[2.],[-1.],[1459.],[1.],[1.]
[34.],[2.],[2.],[2.],[-1.],[2365.],[1.],[-1.]
[42.],[0.],[0.],[1.],[-1.],[3437.],[1.],[0.]
[26.],[11.],[2.],[0.],[-1.],[-3231.],[-1.],[-1.]
[58.],[0.],[0.],[1.],[-1.],[4156.],[1.],[-1.]
[40.],[11.],[0.],[0.],[-1.],[885.],[-1.],[-1.]
[61.],[7.],[0.],[1.],[-1.],[3181.],[-1.],[1.]
[65.],[10.],[0.],[0.],[-1.],[-1198.],[-1.],[-1.]
[46.],[11.],[1.],[1.],[-1.],[-1410.],[-1.],[-1.]
[46.],[5.],[0.],[1.],[-1.],[3110.],[1.],[-1.]
[33.],[11.],[1.],[2.],[-1.],[2048.],[1.],[-1.]
[36.],[0.],[0.],[2.],[-1.],[1921.],[1.],[-1.]
[28.],[2.],[0.],[1.],[-1.],[1144.],[1.],[-1.]
[53.],[11.],[0.],[0.],[-1.],[4607.],[1.],[-1.]
[63.],[1.],[0.],[1.],[-1.],[4324.],[1.],[1.]
[35.],[9.],[2.],[0.],[-1.],[847.],[-1.],[-1.]
[74.],[7.],[1.],[0.],[-1.],[3705.],[-1.],[1.]
[58.],[6.],[0.],[1.],[-1.],[1809.],[-1.],[-1.]
[67.],[7.],[0.],[0.],[-1.],[2153.],[-1.],[-1.]
[25.],[0.],[0.],[1.],[-1.],[-1926.],[1.],[-1.]
[57.],[10.],[0.],[0.],[-1.],[-907.],[-1.],[1.]
[45.],[3.],[0.],[2.],[-1.],[2385.],[1.],[-1.]
[44.],[11.],[0.],[1.],[-1.],[-2588.],[-1.],[-1.]
[32.],[0.],[0.],[3.],[-1.],[1279.],[1.],[-1.]
[39.],[6.],[0.],[1.],[-1.],[2043.],[1.],[-1.]
[36.],[11.],[0.],[0.],[-1.],[1417.],[1.],[-1.]
[36.],[6.],[0.],[0.],[-1.],[1080.],[1.],[-1.]
[53.],[8.],[2.],[1.],[-1.],[428.],[1.],[1.]
[29.],[11.],[0.],[0.],[-1.],[-2239.],[1.],[-1.]
[38.],[11.],[0.],[1.],[-1.],[-1933.],[-1.],[-1.]
[35.],[3.],[0.],[3.],[-1.],[1660.],[1.],[-1.]
[69.],[9.],[0.],[0.],[-1.],[-568.],[-1.],[1.]
[59.],[9.],[0.],[0.],[-1.],[1397.],[-1.],[1.]
[35.],[0.],[0.],[3.],[-1.],[3232.],[1.],[1.]
[47.],[1.],[0.],[2.],[-1.],[4067.],[1.],[1.]
[33.],[11.],[0.],[1.],[-1.],[2888.],[1.],[-1.]
[36.],[11.],[0.],[0.],[-1.],[-1537.],[-1.],[-1.]
[40.],[9.],[0.],[1.],[-1.],[37.],[1.],[1.]
[40.],[4.],[1.],[1.],[-1.],[2252.],[-1.],[-1.]
[53.],[0.],[0.],[1.],[-1.],[-3272.],[0.],[-1.]
[68.],[1.],[0.],[1.],[-1.],[2752.],[-1.],[-1.]
[39.],[4.],[0.],[1.],[-1.],[1600.],[1.],[-1.]
[32.],[1.],[0.],[1.],[-1.],[743.],[1.],[1.]
[51.],[5.],[0.],[1.],[-1.],[720.],[1.],[-1.]
[49.],[11.],[1.],[0.],[-1.],[809.],[-1.],[-1.]
[44.],[1.],[0.],[2.],[-1.],[909.],[1.],[1.]
[61.],[5.],[0.],[1.],[-1.],[1545.],[-1.],[1.]
[46.],[7.],[0.],[0.],[-1.],[2721.],[-1.],[-1.]
[36.],[2.],[0.],[1.],[-1.],[757.],[1.],[-1.]
[50.],[10.],[0.],[0.],[-1.],[462.],[-1.],[-1.]
[48.],[7.],[0.],[0.],[-1.],[1111.],[-1.],[-1.]
[27.],[6.],[1.],[2.],[-1.],[4207.],[1.],[-1.]
[64.],[6.],[0.],[0.],[-1.],[3642.],[-1.],[1.]
[83.],[1.],[0.],[1.],[-1.],[-872.],[-1.],[-1.]
[29.],[1.],[2.],[1.],[-1.],[2238.],[1.],[-1.]
[63.],[11.],[0.],[0.],[-1.],[705.],[-1.],[-1.]
[37.],[8.],[2.],[1.],[-1.],[960.],[1.],[-1.]
[57.],[0.],[0.],[2.],[-1.],[1300.],[-1.],[-1.]
[33.],[8.],[0.],[1.],[-1.],[-1848.],[-1.],[-1.]
[42.],[4.],[2.],[1.],[-1.],[3238.],[1.],[-1.]
[31.],[8.],[0.],[1.],[-1.],[6480.],[1.],[-1.]
[59.],[11.],[0.],[0.],[-1.],[2910.],[-1.],[-1.]
[47.],[8.],[0.],[0.],[-1.],[497.],[-1.],[-1.]
[36.],[0.],[0.],[2.],[-1.],[1107.],[1.],[-1.]
[53.],[11.],[0.],[0.],[-1.],[-856.],[-1.],[-1.]
[33.],[3.],[2.],[2.],[-1.],[1581.],[1.],[-1.]
[26.],[0.],[2.],[2.],[-1.],[1254.],[1.],[-1.]
[28.],[11.],[0.],[0.],[-1.],[1916.],[1.],[-1.]
[44.],[2.],[0.],[1.],[-1.],[4652.],[-1.],[0.]
[56.],[11.],[0.],[0.],[-1.],[962.],[-1.],[-1.]
[32.],[2.],[1.],[1.],[-1.],[5104.],[1.],[-1.]
[34.],[8.],[0.],[0.],[-1.],[3808.],[1.],[-1.]
[65.],[1.],[0.],[1.],[-1.],[348.],[1.],[-1.]
[35.],[11.],[0.],[0.],[-1.],[-1842.],[1.],[-1.]
[57.],[2.],[0.],[1.],[-1.],[264.],[1.],[-1.]
[44.],[11.],[0.],[0.],[-1.],[2605.],[1.],[-1.]
[41.],[11.],[2.],[0.],[-1.],[2144.],[1.],[-1.]
[47.],[1.],[0.],[2.],[-1.],[1846.],[1.],[-1.]
[48.],[11.],[0.],[0.],[-1.],[-1463.],[-1.],[-1.]
[40.],[6.],[0.],[0.],[-1.],[-857.],[-1.],[-1.]
[38.],[10.],[0.],[0.],[-1.],[2036.],[1.],[-1.]
[53.],[11.],[0.],[0.],[-1.],[1445.],[-1.],[-1.]
[40.],[11.],[2.],[2.],[-1.],[2011.],[1.],[-1.]
[29.],[0.],[0.],[3.],[-1.],[1203.],[1.],[-1.]
[56.],[11.],[2.],[0.],[-1.],[-2172.],[-1.],[1.]
[39.],[0.],[0.],[2.],[-1.],[487.],[1.],[-1.]
[34.],[11.],[0.],[0.],[-1.],[516.],[-1.],[-1.]
[53.],[11.],[2.],[0.],[-1.],[-2369.],[1.],[1.]
[38.],[1.],[0.],[2.],[-1.],[3417.],[1.],[1.]
[35.],[11.],[0.],[0.],[-1.],[394.],[-1.],[-1.]
[38.],[4.],[0.],[0.],[-1.],[3637.],[-1.],[-1.]
[36.],[0.],[0.],[2.],[-1.],[1391.],[1.],[-1.]
[32.],[0.],[0.],[3.],[-1.],[2150.],[1.],[1.]
[32.],[3.],[2.],[1.],[-1.],[-1019.],[-1.],[-1.]
[36.],[9.],[0.],[0.],[-1.],[5292.],[1.],[-1.]
[45.],[9.],[0.],[0.],[-1.],[174.],[-1.],[-1.]
[41.],[5.],[2.],[2.],[-1.],[-91.],[1.],[1.]
[40.],[11.],[1.],[0.],[-1.],[5924.],[-1.],[-1.]
[24.],[0.],[1.],[3.],[-1.],[-1614.],[1.],[1.]
[78.],[4.],[0.],[0.],[-1.],[2034.],[-1.],[-1.]
[31.],[9.],[0.],[2.],[-1.],[1130.],[1.],[1.]
[44.],[11.],[1.],[0.],[-1.],[836.],[-1.],[-1.]
[58.],[0.],[0.],[2.],[-1.],[1604.],[1.],[-1.]
[78.],[11.],[2.],[0.],[-1.],[960.],[-1.],[1.]
[30.],[10.],[0.],[1.],[-1.],[603.],[1.],[-1.]
[34.],[11.],[2.],[0.],[-1.],[4883.],[1.],[-1.]
[34.],[5.],[0.],[1.],[-1.],[1134.],[1.],[-1.]
[37.],[9.],[0.],[0.],[-1.],[1623.],[-1.],[-1.]
[25.],[0.],[1.],[1.],[-1.],[-313.],[1.],[-1.]
[34.],[10.],[0.],[0.],[-1.],[4213.],[-1.],[-1.]
[40.],[9.],[2.],[1.],[-1.],[1256.],[1.],[-1.]
[57.],[1.],[0.],[1.],[-1.],[3035.],[1.],[-1.]
[37.],[2.],[0.],[1.],[-1.],[2178.],[-1.],[-1.]
[42.],[11.],[2.],[0.],[-1.],[-609.],[1.],[-1.]
[24.],[0.],[0.],[3.],[-1.],[1343.],[1.],[-1.]
[56.],[7.],[0.],[0.],[-1.],[272.],[-1.],[-1.]
[38.],[11.],[2.],[0.],[-1.],[1391.],[1.],[-1.]
[55.],[1.],[0.],[1.],[-1.],[2999.],[1.],[-1.]
[36.],[1.],[0.],[2.],[-1.],[643.],[1.],[1.]
[44.],[6.],[0.],[1.],[-1.],[-1859.],[1.],[-1.]
[26.],[3.],[0.],[1.],[-1.],[1848.],[1.],[-1.]
[60.],[7.],[0.],[1.],[-1.],[437.],[1.],[-1.]
[43.],[9.],[0.],[0.],[-1.],[3180.],[-1.],[1.]
[31.],[0.],[0.],[2.],[-1.],[930.],[1.],[-1.]
[56.],[11.],[2.],[1.],[-1.],[1316.],[-1.],[-1.]
[27.],[11.],[1.],[0.],[-1.],[-569.],[1.],[-1.]
[31.],[3.],[0.],[1.],[-1.],[1460.],[1.],[-1.]
[50.],[11.],[0.],[0.],[-1.],[168.],[-1.],[0.]
[36.],[3.],[0.],[1.],[-1.],[2242.],[-1.],[-1.]
[45.],[3.],[0.],[1.],[-1.],[1110.],[-1.],[-1.]
[49.],[1.],[0.],[1.],[-1.],[1198.],[-1.],[1.]
[56.],[0.],[0.],[2.],[-1.],[-1051.],[1.],[-1.]
[26.],[11.],[0.],[0.],[-1.],[-542.],[-1.],[-1.]
[43.],[7.],[0.],[0.],[-1.],[1990.],[1.],[-1.]
[48.],[9.],[0.],[0.],[-1.],[4044.],[-1.],[-1.]
[41.],[0.],[0.],[2.],[-1.],[1818.],[1.],[-1.]
[40.],[11.],[1.],[0.],[-1.],[-1858.],[-1.],[-1.]
[48.],[8.],[2.],[1.],[-1.],[3229.],[-1.],[-1.]
[55.],[3.],[0.],[1.],[-1.],[1753.],[-1.],[1.]
[51.],[0.],[0.],[2.],[-1.],[2780.],[1.],[1.]
[44.],[8.],[0.],[1.],[-1.],[4095.],[1.],[-1.]
[52.],[11.],[0.],[0.],[-1.],[-1603.],[-1.],[-1.]
[30.],[2.],[1.],[1.],[-1.],[2732.],[1.],[-1.]
[56.],[10.],[0.],[0.],[-1.],[1036.],[-1.],[1.]
[68.],[6.],[2.],[1.],[-1.],[-176.],[1.],[1.]
[49.],[10.],[1.],[0.],[-1.],[433.],[-1.],[1.]
[39.],[0.],[0.],[2.],[-1.],[1636.],[1.],[-1.]
[23.],[1.],[0.],[1.],[-1.],[1986.],[1.],[-1.]
[41.],[8.],[0.],[0.],[-1.],[3241.],[-1.],[-1.]
[41.],[11.],[0.],[0.],[-1.],[-1500.],[-1.],[-1.]
[27.],[5.],[0.],[1.],[-1.],[2889.],[1.],[-1.]
[35.],[11.],[0.],[0.],[-1.],[5610.],[-1.],[-1.]
[57.],[11.],[0.],[0.],[-1.],[4602.],[-1.],[1.]
[40.],[11.],[0.],[0.],[-1.],[1145.],[1.],[-1.]
[30.],[1.],[2.],[1.],[-1.],[1139.],[1.],[-1.]
[56.],[1.],[0.],[1.],[-1.],[299.],[1.],[1.]
[89.],[5.],[0.],[1.],[-1.],[-1417.],[-1.],[-1.]
[32.],[9.],[2.],[1.],[-1.],[735.],[1.],[-1.]
[38.],[9.],[2.],[0.],[-1.],[249.],[1.],[-1.]
[61.],[3.],[0.],[0.],[-1.],[4075.],[-1.],[-1.]
[43.],[11.],[0.],[0.],[-1.],[-1025.],[-1.],[-1.]
[42.],[8.],[2.],[1.],[-1.],[-2603.],[-1.],[-1.]
[33.],[11.],[0.],[0.],[-1.],[442.],[-1.],[-1.]
[45.],[3.],[0.],[1.],[-1.],[-626.],[1.],[1.]
[30.],[11.],[2.],[0.],[-1.],[-2975.],[-1.],[-1.]
[41.],[3.],[0.],[0.],[-1.],[436.],[-1.],[-1.]
[40.],[7.],[0.],[1.],[-1.],[2554.],[1.],[-1.]
[39.],[8.],[2.],[1.],[-1.],[619.],[1.],[1.]
[35.],[10.],[0.],[0.],[-1.],[4971.],[1.],[-1.]
[47.],[0.],[0.],[3.],[-1.],[80.],[1.],[-1.]
[28.],[0.],[2.],[2.],[-1.],[7944.],[1.],[-1.]
[63.],[11.],[2.],[2.],[-1.],[-1830.],[1.],[1.]
[39.],[8.],[0.],[0.],[-1.],[2554.],[0.],[-1.]
[49.],[11.],[1.],[1.],[-1.],[4227.],[1.],[-1.]
[36.],[8.],[0.],[1.],[-1.],[1091.],[-1.],[-1.]
[33.],[0.],[0.],[3.],[-1.],[4669.],[1.],[-1.]
[44.],[1.],[0.],[1.],[-1.],[-1108.],[1.],[-1.]
[30.],[11.],[1.],[0.],[-1.],[-298.],[-1.],[-1.]
[44.],[11.],[0.],[1.],[-1.],[-1682.],[-1.],[-1.]
[31.],[5.],[0.],[1.],[-1.],[2766.],[-1.],[-1.]
[42.],[3.],[0.],[0.],[-1.],[2893.],[-1.],[-1.]
[33.],[1.],[0.],[2.],[-1.],[2189.],[1.],[-1.]
[47.],[2.],[2.],[2.],[-1.],[2332.],[1.],[1.]
[51.],[11.],[0.],[0.],[-1.],[-1505.],[-1.],[-1.]
[39.],[11.],[0.],[0.],[-1.],[4954.],[1.],[-1.]
[44.],[1.],[0.],[1.],[-1.],[593.],[1.],[-1.]
[39.],[10.],[0.],[0.],[-1.],[-899.],[-1.],[-1.]
[43.],[2.],[1.],[1.],[-1.],[3507.],[1.],[-1.]
[28.],[11.],[1.],[0.],[-1.],[-228.],[-1.],[-1.]
[37.],[11.],[0.],[0.],[-1.],[165.],[-1.],[-1.]
[41.],[5.],[0.],[0.],[-1.],[308.],[-1.],[-1.]
[61.],[11.],[0.],[0.],[-1.],[4101.],[1.],[1.]
[34.],[0.],[2.],[2.],[-1.],[443.],[1.],[-1.]
[45.],[11.],[0.],[0.],[-1.],[-389.],[-1.],[-1.]
[38.],[7.],[0.],[0.],[-1.],[3433.],[1.],[-1.]
[37.],[0.],[1.],[1.],[-1.],[354.],[1.],[-1.]
[67.],[3.],[0.],[0.],[-1.],[5223.],[-1.],[-1.]
[58.],[10.],[0.],[1.],[-1.],[449.],[-1.],[-1.]
[29.],[11.],[1.],[0.],[-1.],[-2600.],[-1.],[-1.]
[50.],[9.],[0.],[0.],[-1.],[-114.],[-1.],[1.]
[48.],[11.],[0.],[0.],[-1.],[1354.],[1.],[1.]
[38.],[0.],[0.],[3.],[-1.],[5337.],[1.],[1.]
[45.],[2.],[0.],[1.],[-1.],[3894.],[1.],[-1.]
[52.],[2.],[1.],[1.],[-1.],[4403.],[-1.],[1.]
[37.],[1.],[2.],[2.],[-1.],[-43.],[1.],[1.]
[35.],[8.],[1.],[1.],[-1.],[-355.],[1.],[1.]
[55.],[11.],[0.],[1.],[-1.],[-1292.],[-1.],[-1.]
[40.],[1.],[0.],[1.],[-1.],[2440.],[1.],[-1.]
[32.],[8.],[0.],[1.],[-1.],[-1204.],[-1.],[-1.]
[33.],[11.],[2.],[0.],[-1.],[-2728.],[-1.],[-1.]
[65.],[6.],[0.],[1.],[-1.],[1411.],[-1.],[-1.]
[65.],[5.],[0.],[1.],[-1.],[5938.],[-1.],[-1.]
[31.],[4.],[0.],[1.],[-1.],[1149.],[1.],[-1.]
[59.],[10.],[0.],[1.],[-1.],[1039.],[-1.],[-1.]
[49.],[11.],[0.],[0.],[-1.],[-1874.],[-1.],[-1.]
[39.],[11.],[0.],[0.],[-1.],[2284.],[1.],[-1.]
[29.],[11.],[2.],[0.],[-1.],[-5.],[1.],[-1.]
[30.],[2.],[2.],[1.],[-1.],[-565.],[1.],[-1.]
[67.],[2.],[0.],[1.],[-1.],[5158.],[-1.],[-1.]
[33.],[0.],[0.],[3.],[-1.],[1192.],[1.],[-1.]
[43.],[11.],[0.],[0.],[-1.],[753.],[1.],[-1.]
[35.],[11.],[0.],[0.],[-1.],[244.],[-1.],[-1.]
[40.],[11.],[2.],[2.],[-1.],[2876.],[1.],[1.]
[67.],[9.],[0.],[0.],[-1.],[4392.],[-1.],[-1.]
[58.],[11.],[0.],[0.],[-1.],[-161.],[-1.],[-1.]
[63.],[10.],[0.],[2.],[-1.],[5056.],[-1.],[-1.]
[48.],[0.],[0.],[3.],[-1.],[630.],[1.],[-1.]
[54.],[0.],[0.],[2.],[-1.],[4320.],[1.],[-1.]
[32.],[7.],[2.],[1.],[-1.],[-1252.],[1.],[1.]
[48.],[11.],[0.],[0.],[-1.],[-2759.],[-1.],[-1.]
[37.],[11.],[0.],[0.],[-1.],[573.],[-1.],[-1.]
[22.],[11.],[0.],[0.],[-1.],[-862.],[-1.],[-1.]
[51.],[0.],[0.],[2.],[-1.],[4486.],[1.],[-1.]
[45.],[2.],[0.],[1.],[-1.],[2056.],[-1.],[-1.]
[56.],[0.],[0.],[3.],[-1.],[4405.],[1.],[1.]
[24.],[11.],[1.],[2.],[-1.],[-2.],[-1.],[-1.]
[80.],[5.],[0.],[1.],[-1.],[-2084.],[-1.],[-1.]
[43.],[11.],[0.],[1.],[-1.],[829.],[-1.],[-1.]
[32.],[1.],[0.],[1.],[-1.],[3192.],[-1.],[-1.]
[59.],[1.],[0.],[1.],[-1.],[4848.],[1.],[-1.]
[38.],[2.],[2.],[0.],[-1.],[1766.],[1.],[-1.]
[66.],[7.],[0.],[0.],[-1.],[1022.],[-1.],[1.]
[75.],[1.],[0.],[0.],[-1.],[1455.],[-1.],[1.]
[31.],[10.],[1.],[0.],[-1.],[345.],[1.],[-1.]
[39.],[1.],[0.],[1.],[-1.],[3671.],[1.],[-1.]
[52.],[10.],[0.],[0.],[-1.],[1482.],[-1.],[-1.]
[54.],[11.],[1.],[0.],[-1.],[3114.],[1.],[-1.]
[45.],[3.],[0.],[1.],[-1.],[2465.],[1.],[1.]
[36.],[11.],[0.],[0.],[-1.],[-746.],[-1.],[-1.]
[31.],[1.],[0.],[1.],[-1.],[2366.],[1.],[-1.]
[26.],[7.],[0.],[2.],[-1.],[1129.],[1.],[-1.]
[52.],[2.],[0.],[3.],[-1.],[648.],[1.],[-1.]
[24.],[0.],[1.],[2.],[-1.],[3049.],[1.],[-1.]
[43.],[0.],[0.],[2.],[-1.],[-124.],[1.],[-1.]
[28.],[11.],[0.],[0.],[-1.],[1406.],[-1.],[-1.]
[46.],[10.],[2.],[1.],[-1.],[1751.],[1.],[-1.]
[27.],[11.],[0.],[0.],[-1.],[-252.],[-1.],[-1.]
[40.],[5.],[0.],[1.],[-1.],[3275.],[1.],[-1.]
